{
    "baseline": {
        "faithfulness": 0.8571428571428571,
        "answer_relevancy": 0.28571428571373153
    },
    "hybrid": {
        "faithfulness": 1.0,
        "answer_relevancy": 0.28456934282070445
    },
    "improvements": {
        "faithfulness_pct": 16.666666666666675,
        "answer_relevancy_pct": -0.40073001256025753
    }
}